filmTMDbId,filmPosterPath,review,rating,liked,userId,dateWatched,createdAt,updatedAt
2,/wby9315QzVKdW9BonAefg8jGTTb.jpg,,10,,1,2024-02-24,2024-04-20T17:16:00.267206Z,2024-04-20T17:16:00.267206Z
3,/wby9315QzVKdW9BonAefg8jGTTb.jpg,,3,,1,2024-02-24,2024-04-20T17:16:00.267206Z,2024-04-20T17:16:00.267206Z
5,/wby9315QzVKdW9BonAefg8jGTTb.jpg,,1,,1,2024-02-24,2024-04-20T17:16:00.267206Z,2024-04-20T17:16:00.267206Z
6,/wby9315QzVKdW9BonAefg8jGTTb.jpg,,9,,1,2024-02-24,2024-04-20T17:16:00.267206Z,2024-04-20T17:16:00.267206Z
8,/wby9315QzVKdW9BonAefg8jGTTb.jpg,,4,,1,2024-02-24,2024-04-20T17:16:00.267206Z,2024-04-20T17:16:00.267206Z
9,/wby9315QzVKdW9BonAefg8jGTTb.jpg,,3,,1,2024-02-24,2024-04-20T17:16:00.267206Z,2024-04-20T17:16:00.267206Z
11,/wby9315QzVKdW9BonAefg8jGTTb.jpg,,1,,1,2024-02-24,2024-04-20T17:16:00.267206Z,2024-04-20T17:16:00.267206Z
12,/wby9315QzVKdW9BonAefg8jGTTb.jpg,,5,,1,2024-02-24,2024-04-20T17:16:00.267206Z,2024-04-20T17:16:00.267206Z
13,/wby9315QzVKdW9BonAefg8jGTTb.jpg,,2,,1,2024-02-24,2024-04-20T17:16:00.267206Z,2024-04-20T17:16:00.267206Z
14,/wby9315QzVKdW9BonAefg8jGTTb.jpg,,2,,1,2024-02-24,2024-04-20T17:16:00.267206Z,2024-04-20T17:16:00.267206Z
2,/wby9315QzVKdW9BonAefg8jGTTb.jpg,,1,,2,2024-02-24,2024-04-20T17:16:00.267206Z,2024-04-20T17:16:00.267206Z
3,/wby9315QzVKdW9BonAefg8jGTTb.jpg,,7,,2,2024-02-24,2024-04-20T17:16:00.267206Z,2024-04-20T17:16:00.267206Z
5,/wby9315QzVKdW9BonAefg8jGTTb.jpg,,2,,2,2024-02-24,2024-04-20T17:16:00.267206Z,2024-04-20T17:16:00.267206Z
6,/wby9315QzVKdW9BonAefg8jGTTb.jpg,,8,,2,2024-02-24,2024-04-20T17:16:00.267206Z,2024-04-20T17:16:00.267206Z
8,/wby9315QzVKdW9BonAefg8jGTTb.jpg,,10,,2,2024-02-24,2024-04-20T17:16:00.267206Z,2024-04-20T17:16:00.267206Z
9,/wby9315QzVKdW9BonAefg8jGTTb.jpg,,1,,2,2024-02-24,2024-04-20T17:16:00.267206Z,2024-04-20T17:16:00.267206Z
11,/wby9315QzVKdW9BonAefg8jGTTb.jpg,,9,,2,2024-02-24,2024-04-20T17:16:00.267206Z,2024-04-20T17:16:00.267206Z
12,/wby9315QzVKdW9BonAefg8jGTTb.jpg,,1,,2,2024-02-24,2024-04-20T17:16:00.267206Z,2024-04-20T17:16:00.267206Z
13,/wby9315QzVKdW9BonAefg8jGTTb.jpg,,6,,2,2024-02-24,2024-04-20T17:16:00.267206Z,2024-04-20T17:16:00.267206Z
14,/wby9315QzVKdW9BonAefg8jGTTb.jpg,,0,,2,2024-02-24,2024-04-20T17:16:00.267206Z,2024-04-20T17:16:00.267206Z
2,/wby9315QzVKdW9BonAefg8jGTTb.jpg,,3,,3,2024-02-24,2024-04-20T17:16:00.267206Z,2024-04-20T17:16:00.267206Z
3,/wby9315QzVKdW9BonAefg8jGTTb.jpg,,0,,3,2024-02-24,2024-04-20T17:16:00.267206Z,2024-04-20T17:16:00.267206Z
5,/wby9315QzVKdW9BonAefg8jGTTb.jpg,,4,,3,2024-02-24,2024-04-20T17:16:00.267206Z,2024-04-20T17:16:00.267206Z
6,/wby9315QzVKdW9BonAefg8jGTTb.jpg,,,,3,2024-02-24,2024-04-20T17:16:00.267206Z,2024-04-20T17:16:00.267206Z
8,/wby9315QzVKdW9BonAefg8jGTTb.jpg,,,,3,2024-02-24,2024-04-20T17:16:00.267206Z,2024-04-20T17:16:00.267206Z
9,/wby9315QzVKdW9BonAefg8jGTTb.jpg,,,,3,2024-02-24,2024-04-20T17:16:00.267206Z,2024-04-20T17:16:00.267206Z
11,/wby9315QzVKdW9BonAefg8jGTTb.jpg,,,,3,2024-02-24,2024-04-20T17:16:00.267206Z,2024-04-20T17:16:00.267206Z
12,/wby9315QzVKdW9BonAefg8jGTTb.jpg,,2,,3,2024-02-24,2024-04-20T17:16:00.267206Z,2024-04-20T17:16:00.267206Z
13,/wby9315QzVKdW9BonAefg8jGTTb.jpg,,7,,3,2024-02-24,2024-04-20T17:16:00.267206Z,2024-04-20T17:16:00.267206Z
14,/wby9315QzVKdW9BonAefg8jGTTb.jpg,,5,,3,2024-02-24,2024-04-20T17:16:00.267206Z,2024-04-20T17:16:00.267206Z
2,/wby9315QzVKdW9BonAefg8jGTTb.jpg,,1,,4,2024-02-24,2024-04-20T17:16:00.267206Z,2024-04-20T17:16:00.267206Z
3,/wby9315QzVKdW9BonAefg8jGTTb.jpg,,1,,4,2024-02-24,2024-04-20T17:16:00.267206Z,2024-04-20T17:16:00.267206Z
5,/wby9315QzVKdW9BonAefg8jGTTb.jpg,,5,,4,2024-02-24,2024-04-20T17:16:00.267206Z,2024-04-20T17:16:00.267206Z
6,/wby9315QzVKdW9BonAefg8jGTTb.jpg,,7,,4,2024-02-24,2024-04-20T17:16:00.267206Z,2024-04-20T17:16:00.267206Z
8,/wby9315QzVKdW9BonAefg8jGTTb.jpg,,7,,4,2024-02-24,2024-04-20T17:16:00.267206Z,2024-04-20T17:16:00.267206Z
9,/wby9315QzVKdW9BonAefg8jGTTb.jpg,,1,,4,2024-02-24,2024-04-20T17:16:00.267206Z,2024-04-20T17:16:00.267206Z
11,/wby9315QzVKdW9BonAefg8jGTTb.jpg,,4,,4,2024-02-24,2024-04-20T17:16:00.267206Z,2024-04-20T17:16:00.267206Z
12,/wby9315QzVKdW9BonAefg8jGTTb.jpg,,3,,4,2024-02-24,2024-04-20T17:16:00.267206Z,2024-04-20T17:16:00.267206Z
13,/wby9315QzVKdW9BonAefg8jGTTb.jpg,,5,,4,2024-02-24,2024-04-20T17:16:00.267206Z,2024-04-20T17:16:00.267206Z
14,/wby9315QzVKdW9BonAefg8jGTTb.jpg,,6,,4,2024-02-24,2024-04-20T17:16:00.267206Z,2024-04-20T17:16:00.267206Z
2,/wby9315QzVKdW9BonAefg8jGTTb.jpg,,8,,5,2024-02-24,2024-04-20T17:16:00.267206Z,2024-04-20T17:16:00.267206Z
3,/wby9315QzVKdW9BonAefg8jGTTb.jpg,,3,,5,2024-02-24,2024-04-20T17:16:00.267206Z,2024-04-20T17:16:00.267206Z
5,/wby9315QzVKdW9BonAefg8jGTTb.jpg,,1,,5,2024-02-24,2024-04-20T17:16:00.267206Z,2024-04-20T17:16:00.267206Z
6,/wby9315QzVKdW9BonAefg8jGTTb.jpg,,3,,5,2024-02-24,2024-04-20T17:16:00.267206Z,2024-04-20T17:16:00.267206Z
8,/wby9315QzVKdW9BonAefg8jGTTb.jpg,,4,,5,2024-02-24,2024-04-20T17:16:00.267206Z,2024-04-20T17:16:00.267206Z
9,/wby9315QzVKdW9BonAefg8jGTTb.jpg,,3,,5,2024-02-24,2024-04-20T17:16:00.267206Z,2024-04-20T17:16:00.267206Z
11,/wby9315QzVKdW9BonAefg8jGTTb.jpg,,1,,5,2024-02-24,2024-04-20T17:16:00.267206Z,2024-04-20T17:16:00.267206Z
12,/wby9315QzVKdW9BonAefg8jGTTb.jpg,,5,,5,2024-02-24,2024-04-20T17:16:00.267206Z,2024-04-20T17:16:00.267206Z
13,/wby9315QzVKdW9BonAefg8jGTTb.jpg,,2,,5,2024-02-24,2024-04-20T17:16:00.267206Z,2024-04-20T17:16:00.267206Z
14,/wby9315QzVKdW9BonAefg8jGTTb.jpg,,2,,5,2024-02-24,2024-04-20T17:16:00.267206Z,2024-04-20T17:16:00.267206Z
2,/wby9315QzVKdW9BonAefg8jGTTb.jpg,,4,,6,2024-02-24,2024-04-20T17:16:00.267206Z,2024-04-20T17:16:00.267206Z
3,/wby9315QzVKdW9BonAefg8jGTTb.jpg,,1,,6,2024-02-24,2024-04-20T17:16:00.267206Z,2024-04-20T17:16:00.267206Z
5,/wby9315QzVKdW9BonAefg8jGTTb.jpg,,2,,6,2024-02-24,2024-04-20T17:16:00.267206Z,2024-04-20T17:16:00.267206Z
6,/wby9315QzVKdW9BonAefg8jGTTb.jpg,,4,,6,2024-02-24,2024-04-20T17:16:00.267206Z,2024-04-20T17:16:00.267206Z
8,/wby9315QzVKdW9BonAefg8jGTTb.jpg,,7,,6,2024-02-24,2024-04-20T17:16:00.267206Z,2024-04-20T17:16:00.267206Z
9,/wby9315QzVKdW9BonAefg8jGTTb.jpg,,9,,6,2024-02-24,2024-04-20T17:16:00.267206Z,2024-04-20T17:16:00.267206Z
11,/wby9315QzVKdW9BonAefg8jGTTb.jpg,,5,,6,2024-02-24,2024-04-20T17:16:00.267206Z,2024-04-20T17:16:00.267206Z
12,/wby9315QzVKdW9BonAefg8jGTTb.jpg,,7,,6,2024-02-24,2024-04-20T17:16:00.267206Z,2024-04-20T17:16:00.267206Z
13,/wby9315QzVKdW9BonAefg8jGTTb.jpg,,4,,6,2024-02-24,2024-04-20T17:16:00.267206Z,2024-04-20T17:16:00.267206Z
14,/wby9315QzVKdW9BonAefg8jGTTb.jpg,,1,,6,2024-02-24,2024-04-20T17:16:00.267206Z,2024-04-20T17:16:00.267206Z
2,/wby9315QzVKdW9BonAefg8jGTTb.jpg,,5,,7,2024-02-24,2024-04-20T17:16:00.267206Z,2024-04-20T17:16:00.267206Z
3,/wby9315QzVKdW9BonAefg8jGTTb.jpg,,1,,7,2024-02-24,2024-04-20T17:16:00.267206Z,2024-04-20T17:16:00.267206Z
5,/wby9315QzVKdW9BonAefg8jGTTb.jpg,,9,,7,2024-02-24,2024-04-20T17:16:00.267206Z,2024-04-20T17:16:00.267206Z
6,/wby9315QzVKdW9BonAefg8jGTTb.jpg,,3,,7,2024-02-24,2024-04-20T17:16:00.267206Z,2024-04-20T17:16:00.267206Z
8,/wby9315QzVKdW9BonAefg8jGTTb.jpg,,8,,7,2024-02-24,2024-04-20T17:16:00.267206Z,2024-04-20T17:16:00.267206Z
9,/wby9315QzVKdW9BonAefg8jGTTb.jpg,,7,,7,2024-02-24,2024-04-20T17:16:00.267206Z,2024-04-20T17:16:00.267206Z
11,/wby9315QzVKdW9BonAefg8jGTTb.jpg,,9,,7,2024-02-24,2024-04-20T17:16:00.267206Z,2024-04-20T17:16:00.267206Z
12,/wby9315QzVKdW9BonAefg8jGTTb.jpg,,,,7,2024-02-24,2024-04-20T17:16:00.267206Z,2024-04-20T17:16:00.267206Z
13,/wby9315QzVKdW9BonAefg8jGTTb.jpg,,,,7,2024-02-24,2024-04-20T17:16:00.267206Z,2024-04-20T17:16:00.267206Z
14,/wby9315QzVKdW9BonAefg8jGTTb.jpg,,,,7,2024-02-24,2024-04-20T17:16:00.267206Z,2024-04-20T17:16:00.267206Z
2,/wby9315QzVKdW9BonAefg8jGTTb.jpg,,7,,8,2024-02-24,2024-04-20T17:16:00.267206Z,2024-04-20T17:16:00.267206Z
3,/wby9315QzVKdW9BonAefg8jGTTb.jpg,,6,,8,2024-02-24,2024-04-20T17:16:00.267206Z,2024-04-20T17:16:00.267206Z
5,/wby9315QzVKdW9BonAefg8jGTTb.jpg,,10,,8,2024-02-24,2024-04-20T17:16:00.267206Z,2024-04-20T17:16:00.267206Z
6,/wby9315QzVKdW9BonAefg8jGTTb.jpg,,1,,8,2024-02-24,2024-04-20T17:16:00.267206Z,2024-04-20T17:16:00.267206Z
8,/wby9315QzVKdW9BonAefg8jGTTb.jpg,,2,,8,2024-02-24,2024-04-20T17:16:00.267206Z,2024-04-20T17:16:00.267206Z
9,/wby9315QzVKdW9BonAefg8jGTTb.jpg,,5,,8,2024-02-24,2024-04-20T17:16:00.267206Z,2024-04-20T17:16:00.267206Z
11,/wby9315QzVKdW9BonAefg8jGTTb.jpg,,1,,8,2024-02-24,2024-04-20T17:16:00.267206Z,2024-04-20T17:16:00.267206Z
12,/wby9315QzVKdW9BonAefg8jGTTb.jpg,,10,,8,2024-02-24,2024-04-20T17:16:00.267206Z,2024-04-20T17:16:00.267206Z
13,/wby9315QzVKdW9BonAefg8jGTTb.jpg,,10,,8,2024-02-24,2024-04-20T17:16:00.267206Z,2024-04-20T17:16:00.267206Z
14,/wby9315QzVKdW9BonAefg8jGTTb.jpg,,4,,8,2024-02-24,2024-04-20T17:16:00.267206Z,2024-04-20T17:16:00.267206Z
2,/wby9315QzVKdW9BonAefg8jGTTb.jpg,,6,,9,2024-02-24,2024-04-20T17:16:00.267206Z,2024-04-20T17:16:00.267206Z
3,/wby9315QzVKdW9BonAefg8jGTTb.jpg,,5,,9,2024-02-24,2024-04-20T17:16:00.267206Z,2024-04-20T17:16:00.267206Z
5,/wby9315QzVKdW9BonAefg8jGTTb.jpg,,,,9,2024-02-24,2024-04-20T17:16:00.267206Z,2024-04-20T17:16:00.267206Z
6,/wby9315QzVKdW9BonAefg8jGTTb.jpg,,,,9,2024-02-24,2024-04-20T17:16:00.267206Z,2024-04-20T17:16:00.267206Z
8,/wby9315QzVKdW9BonAefg8jGTTb.jpg,,,,9,2024-02-24,2024-04-20T17:16:00.267206Z,2024-04-20T17:16:00.267206Z
9,/wby9315QzVKdW9BonAefg8jGTTb.jpg,,7,,9,2024-02-24,2024-04-20T17:16:00.267206Z,2024-04-20T17:16:00.267206Z
11,/wby9315QzVKdW9BonAefg8jGTTb.jpg,,8,,9,2024-02-24,2024-04-20T17:16:00.267206Z,2024-04-20T17:16:00.267206Z
12,/wby9315QzVKdW9BonAefg8jGTTb.jpg,,3,,9,2024-02-24,2024-04-20T17:16:00.267206Z,2024-04-20T17:16:00.267206Z
13,/wby9315QzVKdW9BonAefg8jGTTb.jpg,,4,,9,2024-02-24,2024-04-20T17:16:00.267206Z,2024-04-20T17:16:00.267206Z
14,/wby9315QzVKdW9BonAefg8jGTTb.jpg,,1,,9,2024-02-24,2024-04-20T17:16:00.267206Z,2024-04-20T17:16:00.267206Z
2,/wby9315QzVKdW9BonAefg8jGTTb.jpg,,7,,10,2024-02-24,2024-04-20T17:16:00.267206Z,2024-04-20T17:16:00.267206Z
3,/wby9315QzVKdW9BonAefg8jGTTb.jpg,,1,,10,2024-02-24,2024-04-20T17:16:00.267206Z,2024-04-20T17:16:00.267206Z
5,/wby9315QzVKdW9BonAefg8jGTTb.jpg,,2,,10,2024-02-24,2024-04-20T17:16:00.267206Z,2024-04-20T17:16:00.267206Z
6,/wby9315QzVKdW9BonAefg8jGTTb.jpg,,2,,10,2024-02-24,2024-04-20T17:16:00.267206Z,2024-04-20T17:16:00.267206Z
8,/wby9315QzVKdW9BonAefg8jGTTb.jpg,,6,,10,2024-02-24,2024-04-20T17:16:00.267206Z,2024-04-20T17:16:00.267206Z
9,/wby9315QzVKdW9BonAefg8jGTTb.jpg,,4,,10,2024-02-24,2024-04-20T17:16:00.267206Z,2024-04-20T17:16:00.267206Z
11,/wby9315QzVKdW9BonAefg8jGTTb.jpg,,9,,10,2024-02-24,2024-04-20T17:16:00.267206Z,2024-04-20T17:16:00.267206Z
12,/wby9315QzVKdW9BonAefg8jGTTb.jpg,,,,10,2024-02-24,2024-04-20T17:16:00.267206Z,2024-04-20T17:16:00.267206Z
13,/wby9315QzVKdW9BonAefg8jGTTb.jpg,,,,10,2024-02-24,2024-04-20T17:16:00.267206Z,2024-04-20T17:16:00.267206Z
14,/wby9315QzVKdW9BonAefg8jGTTb.jpg,,,,10,2024-02-24,2024-04-20T17:16:00.267206Z,2024-04-20T17:16:00.267206Z